Dataset,Composite Accuracy,Specificity Accuracy,Composite F1,Specificity F1,Composite ROC AUC,Specificity ROC AUC
Zero-Shot Dataset,0.64,0.59,0.775,0.7132867132867133,0.5366753472222222,0.521484375
One-Shot Dataset,0.6,0.55,0.7435897435897436,0.6762589928057554,0.536875,0.5129166666666667
Chain-of-Thought Dataset,0.696969696969697,0.6262626262626263,0.8170731707317073,0.7482993197278912,0.5536231884057972,0.5108695652173914
